{"circles": [{"center": [12.960648654201764, 77.7228624115765], "radius": 1455.7906065239222}, {"center": [12.985087482394364, 77.72216772887325], "radius": 1430.881670882162}]}